id,url,status_code,latency,extract_method,page_type,content_length
1,https://duckduckgo.com/?t=h_&q=DAIWIK+INVESTMENT+SOLUTION+PRIVATELIMITED+++products+services+tradeindia&ia=web,200,1.76,trafilatura,html,15922
2,https://iqvia.com/solutions/technologies/orchestrated-clinical-trials/digital-site-suite,200,34.16,trafilatura,html,1084
3,https://interpret.csis.org/translations/the-butterfly-effect-of-the-russia-ukraine-conflict-and-geopolitical-risks-to-chinas-food-security/,200,7.29,trafilatura,html,50000
4,https://fgsglobal.com/join-us/opportunities/praktikant-all-genders-public-affairs-13066927,404,12.49,Selenium,error,330
5,https://support.grip.events/e3t/Ctc/W+50013/d2wh-J04/Jll2-6qcW7Y8-PT6lZ3krVRbS0c4Y85zsW2j1lyb3zHM9RW5tgJ1m2VWfrmW3V5Cyr50h9YhW5q42Kh2-N3DBW3nGH6x3jQPYJW4FYwTT8rB6VYW8Xh-yq5mhyDSW7F6mYn4y2zj8VJct3F4pVkY6W2Vsqsp4K5h01W3CSYz_3SBh5WF8HFNFCGQ-6VzsfPd1DtC3NW18rNFt5Lb3hBW3C4l536z41rDW8jcxXJ377fx6VnGypN6NRNLDW5z8Jp_7hbrr7W8SFggS5s4MkrN8-7ZvqRLx66W6Y5hs82V-RvbW5xmt5v4F4-gsW41J-0k2VV2HNN5ClpL4C4c_XW4YYrks21PDM6f8lfq-s04,200,1.72,trafilatura,html,3067
6,https://www.glenview34.org/fs/resource-manager/view/cabff787-a2e5-4464-a138-e42dc05f6de6,200,3.12,trafilatura,html,8539
7,"https://app.geckoterminal.com/api/p1/ton/pools?dex=dedust&include=dex,dex.dex_metric,dex.network,tokens&page=1&include_network_metrics=true&include_meta=1&sort=-6h_trend_score&networks=ton&dexes=dedust",200,2.14,trafilatura,json,50000
8,https://wordbrew.com/manufacturing/,200,1.83,trafilatura,html,5797
9,https://www.localsearch.com.au/qld/brisbane/daguilar,202,15.26,Selenium,html,361
10,https://www.inc.com/jonathan-tofel/ai-for-cpg-innovation-the-power-of-agility/91169883,200,17.64,Selenium,spa,2512
11,https://www.westernrm.com/swivels/7ch,200,23.68,trafilatura,html,1098
12,https://chromeindustries.com/products/seatbelt-buckle-lg?pr_prod_strat=pinned&pr_rec_id=6faa90853&pr_rec_pid=7161666109500&pr_ref_pid=7792702750780&pr_seq=uniform,200,2.13,trafilatura,html,1110
13,https://www.beltecno.co.jp/company/equipment/URL3:https://www.beltecno.co.jp/company/base/,404,21.91,Selenium,error,229
14,https://vipclimat.by/katalog/konditcionery/kinghome/cosmo.html,200,3.37,trafilatura,html,18911
15,https://www.jcsc.org/accnt_377504/site_378398/Student-Handbook-Jennings-MS.pdf,200,2.73,trafilatura,pdf,7626
16,https://kitchenyeah.de/runde-bilder-frau-schwarz-herz,200,3.64,trafilatura,html,1877
17,https://gipreit.com/why-we-do-it,200,2.28,trafilatura,html,1734
18,https://www.dupagecounty.gov/business_detail_T12_R112.php,200,2.46,trafilatura,html,229
19,https://dogecoin.com/th/dogepedia/how-tos/making-memes/,200,9.2,Selenium,html,1525
20,https://www.rappahannock.edu/jobs/org-chart.html,200,1.98,trafilatura,html,965
21,https://www.cnbc.com/world,200,16.95,trafilatura,html,11137
22,https://www.digitalservice.metro.tokyo.lg.jp/2025%E5%B9%B41?page=8,404,21.4,Selenium,error,259
23,https://pdfa.org/product/pspdfkit-the-leading-pdf-framework-for-ios-android-and-web/,200,3.3,trafilatura,html,589
24,https://pickstar.pro/au/our-stars/8944/jodi-ann-ward,200,4.72,trafilatura,html,802
25,https://docs.coalesce.io/docs/build-your-pipeline/build-how-to/how-to-filter-node-output-with-select-statements,200,2.64,trafilatura,docs,965
26,https://miamin.com/,200,4.64,trafilatura,html,2180
27,https://www.portaking.com/mezzanines/,200,11.64,Selenium,html,7208
28,https://abcauto.com/en/search?&fit=N&ac_q=ArmorAll&sort=score&mpp=24&hawkFacetField_item_quantity_size_description=30%20CT,200,10.16,Selenium,html,511
29,https://ibo.org/benefits/comparing-ib-with-other-qualifications,200,11.49,Selenium,html,2196
30,https://www.splunk.com/en_us/blog/devops/monitoring-docker-on-aws-ecs-signalfx.html,200,1.26,trafilatura,article,8126
31,https://www.vergleich.org/motorradhandschuhe,200,1.47,trafilatura,html,4826
32,https://saaslandingpage.com/docspo/,200,0.81,trafilatura,html,336
33,https://www.kudani.com,200,1.83,trafilatura,html,3138
34,https://developers.webflow.com/designer/data/docs/getting-started-designer-extensions,404,12.72,Selenium,docs,298
35,https://www.engineeringforchange.org/news/vertical-farming-a-practical-approach-to-modernizing-farms-in-africa/,200,12.01,Selenium,article,1154
36,https://hillsflatlumber.com/p/pondmaster-small-pond-ultraviolet-clarifier-025033029101,200,1.46,trafilatura,html,755
37,http://doranaves.com,200,3.77,trafilatura,html,1194
38,https://www.trmillerheatingandcooling.com/why-does-ductwork-sizing-matter,200,2.74,trafilatura,html,7095
39,https://www.sf280.com/bazililun/yizhulunming/126.html,200,4.99,trafilatura,html,2671
40,https://www.aae.org/specialty/clinical-resources/root-canal-safety,200,2.09,trafilatura,html,2190
41,https://docs.djangoproject.com/fr/2.2/topics/db/models/,200,2.45,trafilatura,html,44098
42,https://www.puregym.com/landing-page/modern-slavery-statement/,200,0.82,trafilatura,html,6065
43,https://careers.astrazeneca.com/job/waltham/associate-regulatory-affairs-director/7684/79304073712,200,14.11,Selenium,html,17900
44,https://gradle.com/training/gradle-enterprise-for-productivity-engineers-4/,200,3.76,trafilatura,html,1351
45,https://fdassociates.net/events,200,3.05,trafilatura,html,377
46,https://www.per-ardua.com/pantheon/,200,10.56,Selenium,html,5634
47,http://hakon.com.au/pages/koni-2822-race-damper,200,7.23,trafilatura,html,1790
48,https://bonavitabrand.co/products/hawaiian-coconut-coffee?pr_prod_strat=e5_desc&pr_rec_id=11516fdd4&pr_rec_pid=9825279050013&pr_ref_pid=9825279475997&pr_seq=uniform,404,14.77,Selenium,error,320
49,https://www.loc.gov/classroom-materials/?all=true&fa=partof_type:lesson+plan,403,9.4,Selenium,error,326
50,https://www.ci.bellefontaine.oh.us/documents/government/municipal-court/civil-small-claims/court-forms/evictions/721771,200,23.01,Selenium,html,549
51,https://sspai.com/post/98249,200,4.83,trafilatura,html,14771
52,http://multiplecapital.com,200,16.02,Selenium,html,5400
53,https://backoffice.guide/apps/odyssee,200,10.34,Selenium,html,5119
54,https://www.przedszkolebajeczka.com/porady/zabawy-rozwijajace-umiejetnosci-spoleczne-dzieci/,200,5.33,trafilatura,html,4197
55,https://www.canlii.org/en/on/onsc/doc/2014/2014onsc2682/2014onsc2682.html,403,11.53,Selenium,error,497
56,https://www.thecerbatgem.com/2025/01/22/braun-bostich-associates-inc-reduces-stake-in-novartis-ag-nysenvs.html,404,11.82,Selenium,error,288
57,https://datrics.ai,200,1.45,trafilatura,html,4347
58,https://www.testwall.com/keysight-technologies-dsav334a,200,12.88,Selenium,html,1347
59,https://www.ebay.com/itm/126991791185?_skw=First+Rounders+ld&itmmeta=01JPF23K1FNE24FBTTR5MD49VJ&hash=item1d914cf451:g:BsEAAeSwmyBn0yW6&itmprp=enc%3AAQAKAAAA0FkggFvd1GGDu0w3yXCmi1dmOTswmr0uBhT1eIvDC4P6kIA78KA0N%2BtKZ5VsaiIPbD3nrgHfa0bO8F%2F%2BYnNafS1tdoFwNQJwyQVNaURoE0VdA3E2kwqVs8ojOmHISjP6e4JimS7%2FB0V91M9L7kKpS65epuYSrHJDeVT1AQYyZzj%2BWwtolEE6zukQ2z%2BN4cVbZ7DBC1UzstrOjg6R0KrKeCbFpSUPz4i4c4w9ptzDHUFgbs6tZwcJ1RbkotAhXKSWJQvp9bq7fhEYJtjtifMNxpc%3D%7Ctkp%3ABk9SR5CxjuKzZQ,200,12.46,Selenium,html,2082
60,https://www.amazon.com/Moleskin-Blisters-Adhesive-Military-Tested-Released/dp/B0C8PC2F7C/ref=sr_1_3?dib=eyJ2IjoiMSJ9.lK7zwN9eu-rPS_Gp8v-qxszKlsX3HnTth5KGfRma0ZP0V6h9u_Zj5JNK5nziMkgIuB8_zLPloNgCparE9XiYMEMQa3E4OLDM_-8TxZciZRvmfWvBbagfpfoHV-sZvL3HMIaOuf7ecTkEwFZLpK657_rzE0P1Gx4c5G-LTvZ5lo5ONPicQbPcbotqG-0_ChW1.AwxLiXSxg7rkUenqlxdE4ed6ieWctoph8a5mvPl6gpc&dib_tag=se&qid=1737254919&rdc=1&rnid=3779911&s=hpc-intl-ship&sr=1-3,200,3.67,trafilatura,html,20834
61,http://xn--ruqp9oinnkha258i.com/,200,1.88,trafilatura,html,225
62,https://www.gujaratmetrorail.com/ahmedabad/contact-us,200,5.39,trafilatura,html,264
63,https://www.questmobile.com.cn/research/report/1871401635281997826/,200,3.99,trafilatura,html,1065
64,https://www.jupresear.ch/t/jup-k-a-r-e-lets-test-our-jup-knowledge-and-earn-some-rewards/25404/31,200,2.99,trafilatura,html,5976
65,http://savers.co.uk/blog,200,15.25,Selenium,html,2082
66,https://solutiondots.com/medicalfusion,200,3.29,trafilatura,html,1244
67,https://ioco.tech/partner/cloudera/,200,11.21,trafilatura,html,6037
68,https://www.bardagi.com/en/team/caroline-levesque-2,200,10.82,Selenium,html,1461
69,https://www.qualiaglass.com/product-page/peony-gray-dof-set-of-2,200,1.36,trafilatura,html,50000
70,https://athleta.gap.com/shop/front-closure-bras-0abz07c,200,3.28,trafilatura,html,1322
71,https://yellowheadrec.com/vehicles/8975863-2025-AODES-WORKCROSS%201000-3%20HVAC,200,15.44,Selenium,html,718
72,https://www.rieti.go.jp/users/iwamoto-koichi/serial/165.html,200,3.35,trafilatura,html,17963
73,https://www.nobledesktop.com/learn/digital-marketing/how-to-write-a-winning-value-proposition-for-a-digital-marketing-campaign,200,7.56,trafilatura,html,22581
74,https://www.hispanaweb.com/diseno-y-montaje-de-clusters-de-servidores,200,20.3,Selenium,html,1155
75,https://steamcommunity.com/app/1172710/discussions/0/595146853490648464/,200,1.1,trafilatura,html,673
76,https://www.njcourts.gov/attorneys/opinions/unpublished-appellate?start=2024-10-15&end=2024-10-15,200,1.86,trafilatura,html,619
77,https://www.dhlparcel.nl/nl/particulier/ontvangen/volg-uw-zending?tt=3SMPK16888277&pc=6129HG,200,4.56,trafilatura,html,4911
78,http://kylas.io/features/integrations/integration-go2markets,200,3.08,trafilatura,html,477
79,https://pastificioboulder.com/pages/contact,200,1.38,trafilatura,html,240
80,http://mvw-tech.com/insights,200,10.42,Selenium,html,1622
81,http://tmny.org,200,1.59,trafilatura,html,464
82,https://solutions.moen.com/Article_Library/Kitchen_Handle%3A_Integra_Model_87315_and_67315,200,1.2,trafilatura,html,319
83,https://bluebungalow.com.au/products/simplified-cobalt-crewneck-jumper,200,3.5,trafilatura,html,1234
84,http://amazon.pl/Scitec-Nutrition-100-Protein-Professional/dp/B0BQMMMVLN,200,9.62,trafilatura,html,10350
85,https://www.kdi-inc.com/press-releases/press-release-media-copy-partners-with-kdi-office-technology-to-broaden-digital-solutions-and-improve-customer-experience-in-philadelphia/,200,12.98,Selenium,html,3025
86,https://www.glutenvrijemarkt.com/tags/reiniger/,200,1.09,trafilatura,html,1019
87,https://hightees.com.au/products/freedan-ginger-pic,200,1.93,trafilatura,html,3229
88,https://ccg.ai,403,13.43,Selenium,error,469
89,http://www.temp-mail.org//*,403,10.743733406066895,Selenium,error,0
90,https://faq.zazume.com/hc/es/sections/12747571388316-Pagos,403,9.95,Selenium,error,379
91,https://www.shi.co.jp/english/products/other/security/index.html,200,3.12,trafilatura,html,4602
92,https://forum.cursor.com/t/is-2000-fast-requests-the-maximum/51085,200,1.31,trafilatura,html,760
93,https://www.polylastglobal.com/quote,200,3.13,trafilatura,html,757
94,http://www.leslielanellamas.com/contact.html,404,17.98,Selenium,error,105
95,http://privilee.ae/,200,4.11,trafilatura,html,754
96,https://www.gitpod.io/docs/classic/user/integrations/azure-devops,200,3.74,trafilatura,docs,599
97,https://www.bbc.com/sport/cricket/articles/cj4n9p717nno,200,2.64,trafilatura,html,2593
98,https://open.endole.co.uk/insight/company/07342367-one-environmental-ltd,503,9.1,Selenium,error,100
99,http://salesmessage.com/terms-conditions,200,4.29,trafilatura,html,50000
100,https://hustlehavenmps.com,502,13.927634954452515,Selenium,error,0
101,https://journals.sagepub.com/articles/WHE?ConceptID=145025&ConceptID=143929&ContentItemType=research-article&ContentItemType=case-report&startPage=&ContentItemType=review-article,403,10.68,Selenium,error,335
102,https://hometrustwindows.com,200,9.54,trafilatura,html,8461
103,http://www.kjdb.org/CN/abstract/article/1000-7857/17823,502,23.855668783187866,Selenium,error,0
104,https://www.elliottmfg.com/contact/,200,12.21,Selenium,html,1077
105,https://www.queroabada.com.br/bloco-uau-cha-da-alice,200,4.09,trafilatura,html,741
106,https://www.carsized.com/en/cars/compare/tesla-model-y-2021-suv-vs-zeekr-001-2021-5-door-liftback/,200,14.29,Selenium,html,662
107,https://open.spotify.com/artist/7uMh23xWiuR7zsNkuNcm2G,200,0.56,trafilatura,html,1499
108,https://codezine.jp/article/detail/20349,200,9.46,trafilatura,html,5569
109,http://99acres.com/3-bhk-flats-in-paschim-vihar-west-delhi-2-crores-to-3-crores-ffid,403,11.748651027679443,Selenium,error,0
110,https://www.denverpost.com/2018/05/21/colorado-buffaloes-football-dimitri-stanley/?share=facebook&nb=1,200,13.79,Selenium,html,582
111,http://www.allvoices.co/ebooks/quick-guide-to-eu-whistleblower-compliance,200,2.37,trafilatura,html,131
112,"https://news.cision.com/kemira-oyj/r/change-in-kemira-oyj-s-group-leadership-team--ulrika-dunker-appointed-as-the-new-evp-people---cultur,c4164578",200,1.45,trafilatura,html,2896
113,https://pintschshardwaretv.shoptruevalue.com/p/fuel-pump-031401110814,200,2.66,trafilatura,html,377
114,http://hangzhou.customs.gov.cn/hangzhou_customs/575648/6010987/6473347/index.html,412,14.157560348510742,Selenium,error,0
115,https://postnl.nl/tracktrace/?L=NL&B=3SNZEX100494912&P=3404VN&D=NL&T=C,200,21.12,Selenium,html,725
116,https://www.laroche-posay.fr/produits-soin/anthelios/anthelios-ka-spf-50-p22518.aspx,200,10.79,Selenium,html,523
117,https://cd.newhouse.fang.com/loupan/3211048846/dongtai/all/,200,3.85,trafilatura,html,439
118,https://www.clicdata.com/,200,1.63,trafilatura,html,6459
119,https://help.welcometothejungle.com/hc/en-gb/articles/4404011315602-GDPR-update-2022-Informing-applicants-about-their-resume-retention-in-Welcome-to-the-Jungle-Solutions-ATS,404,14.47,Selenium,error,142
120,https://www.rugsusa.com/pages/privacy-policy,403,15.12,Selenium,error,374
121,https://www.researchhub.com/paper/766400/infant-transmittedfounder-hiv-1-viruses-from-peripartum-transmission-are-neutralization-resistant-to-paired-maternal-plasma,200,1.88,trafilatura,spa,3307
122,http://threejs.org/manual/ko/custom-buffergeometry.html,200,1.35,trafilatura,html,12348
123,https://ecogreenindustries.com/product-category/filter-media/carbon-chemistry/,200,2.89,trafilatura,html,1256
124,http://roastmywebsite.ai,200,2.77,trafilatura,html,6864
125,https://milestonepremierproperties.com/idx/mls-20640853-301_n_greenville_avenue_135_allen_tx_75002,200,2.22,trafilatura,html,1897
126,https://sanmarin.nusd.org/news/register-to-vote-2/,200,12.44,Selenium,article,555
127,https://www.irvinedds.com/dexis-digital-x-rays,200,2.04,trafilatura,html,722
128,http://www.ipsen.com/czc,200,3.01,trafilatura,html,1985
129,https://www.actu-transport-logistique.fr/npi-magazine/thematiques/environnement/index_22.php,200,2.65,trafilatura,html,257
130,https://paper.sciencenet.cn/htmlpaper/2025/5/2025516102630498133048.shtm,200,30.04,trafilatura,html,18239
131,http://www.macrotellect.com,200,31.24,Selenium,html,1190
132,https://data.worldbank.org/indicator/NY.GNS.ICTR.ZS?locations=XO-CN,200,26.06,Selenium,html,13371
133,https://docs.adyen.com/api-explorer/Management/3/overview,200,3.04,trafilatura,html,3925
134,https://www.numomfg.com/materials/neoprene,200,1.47,trafilatura,html,133
135,https://www.tradingview.com/symbols/UMAUSDT/ideas/?sort=recent,200,1.82,trafilatura,html,24513
136,https://www.vtc.edu.hk/home/sc/about-us/governance-structure/training-boards.html,200,6.77,trafilatura,html,345
137,https://www.dhl.de/de/privatkunden.html?piececode=JVGL06048987243745031001,200,0.79,trafilatura,html,260
138,http://view.com/blog,200,2.63,trafilatura,html,1624
139,https://www.tumelo.com/insights/what-is-pass-through-voting,200,1.28,trafilatura,html,3669
140,https://manual.blackvue.com/docs/dr750x-2ch-lte-plus/optional-accessories/parking-mode-battery-optional/,200,2.1,trafilatura,docs,999
141,http://www.order.co/blog/,200,6.0,trafilatura,article,482
142,https://www.canva.com/templates/s/market-research/,200,21.94,Selenium,html,2374
143,https://docs.nillion.com/pynadac,404,11.54,Selenium,error,330
144,https://www.productboard.com/events/5-26-roadmaps/,404,10.05,Selenium,error,254
145,https://www.leximmo.be/nl/te-huur/kantoorruimte/boom/3634035,404,12.736385107040405,Selenium,error,0
146,https://support.opencare.com/hc/en-us/articles/360045229431-Is-this-a-scam,200,11.59,Selenium,html,1301
147,https://www.haust.edu.cn/xxgk/kdjj.htm,200,20.58,Selenium,html,2255
148,https://news.mingpao.com/pns/%e6%b8%af%e8%81%9e/article/20250615/s00002/1749923763383/%e5%b7%9d%e9%be%8d%e8%a1%97%e7%88%86%e6%b0%b4%e7%ae%a1-%e6%b0%b4%e6%9f%b110%e7%b1%b3%e9%ab%98,403,19.09,Selenium,error,347
149,http://angels-inc.com/crowdfunding/,200,3.53,trafilatura,html,911
150,https://wowwiki.fandom.com/wiki/%22Swamp_Eye%22_Chain_Sash,403,14.56,Selenium,error,290
151,https://www.dearjohndenim.com/collections/shop-all-clothing/products/puja-novelty-top-leopard-safari,200,1.49,trafilatura,html,956
152,https://www.navit.com/en/car-subscription,200,0.95,trafilatura,html,2602
153,https://www.gov.uk/government/publications/uk-trade-tariff-transit-shed-operators,200,2.96,trafilatura,html,4708
154,https://www.castorama.pl/search?term=5902004711263,200,2.01,trafilatura,html,272
155,https://datapath.com/category/news/product/c%E2%80%90series-portables/,200,17.15,Selenium,article,890
156,https://mommypoppins.com/washington-dc-kids/event/events/pancake-breakfast-with-santa-claus-at-avfrd,403,12.7,Selenium,error,335
157,https://find-and-update.company-information.service.gov.uk/company/02963993,200,2.32,trafilatura,html,840
158,https://travelcards.cardratings.com/,200,2.14,trafilatura,html,2337
159,https://www.toa.co.jp/works/transport,200,2.12,trafilatura,html,1422
160,https://www.brightdentalhospital.com/about-us/,200,4.51,trafilatura,html,1462
161,http://www.sunherald.com/news/local/crime/article211576929.html,200,25.1,Selenium,article,2575
162,https://www.claas.com/,200,1.43,trafilatura,html,358
163,"https://www.fbrealestateco.com/blog/category/Vacation%20Home?category=Seller,Vacation%20Home,Vacation%20Home,Vacation%20Home,Vacation%20Home&page=4&offset=1740978109292",200,12.77,Selenium,article,639
164,https://www.wto.org/english/thewto_e/whatis_e/10thi_e/10thi06_e.htm,200,1.13,trafilatura,html,5356
165,https://docs.credal.ai/api-reference/search/search-document-collection,200,1.83,trafilatura,html,483
166,http://saprea.org/stories/alone-scared,200,18.09,Selenium,html,1574
167,https://www.sttark.com/blog/what-is-die-cutting-in-custom-packaging,200,1.49,trafilatura,article,6017
168,https://www.simplain.com/blog,200,1.98,trafilatura,html,1391
169,https://www.schmachtl.at/de/geschaeftsbereiche/energietechnik/transformatoren/,200,4.68,trafilatura,html,8129
170,https://fractal.ai/category/forrester-recognition/,200,15.91,Selenium,html,2013
171,https://www.ndtv.com/world-news,200,12.14,Selenium,html,6150
172,https://facebook.com/schlussgang/photos/das-schlussgang-team-gratuliert-dem-nordostschweizer-schwingerk%C3%B6nig-arnold-forre/2255824521157442/,200,6.39,trafilatura,html,50000
173,https://www.192.com/places/n/n1-6/n1-6eb/,200,11.91,Selenium,html,4649
174,https://align.company,502,13.244010210037231,Selenium,error,0
175,https://www.findchips.com/detail/sit3372ac-4b2-25nu30.720000y/SiTime-Corporation,200,12.0,Selenium,html,3983
176,https://insights.miro.com,200,1.75,trafilatura,html,10136
177,https://cascadehomecenter.com/p/klein-black-oxide-finish-wire-stripper-092644740077,406,12.018084526062012,Selenium,error,0
178,https://www.ottawaprint.com/ottawa-printing-blog.html,200,1.35,trafilatura,html,13480
179,https://www.lawyers.org.cn/info/3eaad45b637a4f938db03447a1b9fd10,200,3.21,trafilatura,html,9497
180,https://strawberryproject.hu,502,14.104673385620117,Selenium,error,0
181,http://money.usnews.com/funds/mutual-funds/target-date-2000-2010/tiaa-cref-lifecycle-2010-fund/tclex,200,49.31,Selenium,html,1619
182,https://www.northernair.ca/history.htm,200,1.51,trafilatura,html,4887
183,https://mypharmavision.com/career/10-essential-skills-every-pharmacist-must-have/,200,1.3,trafilatura,html,3774
184,https://developer.hashicorp.com/vault/docs/secrets/databases/couchbase,200,1.77,trafilatura,docs,3529
185,https://jamanetwork.com/journals/jamasurgery/fullarticle/2808134,200,13.63,Selenium,html,718
186,https://www.espn.com/soccer/story/_/id/40490059/ranking-top-25-men-soccer-players-21st-century,200,2.06,trafilatura,html,21901
187,https://us.bizay.com/en-us/iridescent-non-woven-shopper-tote?id=386073413&productGroupId=1447&indexManagementId=3&queryId=287f43dda66b2771b58012ec63599406&objectId=P29421_PCNA_IRIDESCENTNON_WOVENSHOPPERTOTE_386073413&position=3,200,1.24,trafilatura,html,1386
188,https://www.cabinetnow.com/base-cabinets/?page=2&srsltid=AfmBOop6x-YmInHQRb5KPQ98jCu0t2n8iGBfxvuqji_RKV6Nm2idJZrB,200,15.11,Selenium,html,1791
189,https://www.westernvawater.org/learn/education-outreach,200,15.85,Selenium,html,1942
190,http://docs.cyberark.com/pam-self-hosted/latest/en/content/release%20notes/rn-releasenotesarchive.htm,200,2.42,trafilatura,html,318
191,https://www.deribit.com/kb/8-july-2021,200,10.76,Selenium,html,50000
192,https://landellsclinic.ca/contact/,200,11.21,Selenium,html,1622
193,https://www.embarkwithus.com/resources/case-studies/presidio-petroleum,200,1.63,trafilatura,html,6128
194,https://www.veed.io/ms-MY/peralatan/penjana-sari-kata-auto-dalam-talian/sari-kata-thai,200,1.29,trafilatura,html,3726
195,https://info.buy.nsw.gov.au/schemes/ict-services-scheme,200,2.29,trafilatura,html,49604
196,https://jobs.ea.com/en_US/careers/JobDetail/Mobile-Technical-Director/208700,200,2.17,trafilatura,html,2367
197,https://www.mp.pl/lekarz/maria.pacyna-szmolke,200,1.3,trafilatura,html,362
198,https://mawby.wine/product/talismon-,200,1.65,trafilatura,html,303
199,https://devforum.roblox.com/t/stuttering-connect-20-coming-soon/3676159/1,200,1.46,trafilatura,html,601
200,http://brightops.com,200,1.69,trafilatura,html,611
201,https://developingeconomics.org/2024/06/24/post-conflict-recovery-and-trade-explainer/,200,1.84,trafilatura,html,31776
202,https://www.repvue.com/companies/CoverMyMeds,200,1.96,trafilatura,html,1514
203,https://journals.uclpress.co.uk/lre/article/pubid/LRE-20-48/,200,2.43,trafilatura,html,317
204,https://botpress.com/docs/zapier,200,14.91,Selenium,docs,759
205,https://www.eur.nl/master/economics-markets-and-organisations/inschrijven,200,1.89,trafilatura,html,200
206,https://www.gourmetpro.co/blog/uk-top-food-beverage-distributors,200,1.42,trafilatura,article,12014
207,https://www.pharmavite.com/news/2023/04/megafood-is-granted-plastic-neutral-certification-through-repurpose-global-the-worlds-leading-plastic-action-platform/,200,13.7,Selenium,article,4157
208,https://www.akiya-mart.com/city/tokyo,200,12.82,Selenium,spa,943
209,https://kentsportswear.com/products/kent-state-basketball-7,200,0.78,trafilatura,html,780
210,https://altvia.com/brie-aletto-titan-100-recipient-2024/,200,15.23,Selenium,html,3094
211,https://www.crozerhealth.org/redirect.aspx?id=8740,404,11.8,Selenium,error,460
212,https://halfwheel.com/brick-house-ciento-por-ciento-slated-for-taa-2019/296566,200,1.83,trafilatura,html,1188
213,https://www.okx.com/convert/aevo-to-huf,200,12.34,Selenium,spa,8773
214,https://unitedcallcenters.hu/press-room/kenyai-magyar-virtualis-uzleti-forum-a-united-call-centers-reszvetelevel,200,2.95,trafilatura,html,2972
215,https://www.recruiter.com/recruiting/video-games-gave-millennials-a-career-advantage-heres-why/,200,1.66,trafilatura,html,6270
216,https://books.openedition.org/pur/12467?lang=en,200,1.57,trafilatura,html,1068
217,http://digitalocean.com,200,1.57,trafilatura,html,1247
218,https://www.acunitparts.com/46600405/,200,4.08,trafilatura,html,1530
219,https://www.healthline.com/health/laser-treatment-for-spider-veins,200,1.01,trafilatura,html,7587
220,https://www.prevarian.com/,200,0.91,trafilatura,html,1291
221,https://www.nationalgeographic.es/viaje-y-aventuras/albania,200,12.63,Selenium,html,14745
222,https://medlineplus.gov/fluidandelectrolytebalance.html,200,1.53,trafilatura,html,6403
223,https://thinkfcm.com/our-team/jonathan-edwards/,200,13.23,Selenium,html,1076
224,https://www.fnbmwc.com/,200,2.02,trafilatura,html,579
225,https://www.wine-searcher.com/find/repris+right+bank/2015?Xcurrencycode=USD&Xsavecurrency=Y,403,9.8,Selenium,error,110
226,https://www.aefinfo.fr/depeche/714488-un-projet-de-decret-relatif-a-la-prime-jop-pour-les-pompiers-sera-presente-en-csfpt-extraordinaire,200,7.28,trafilatura,html,898
227,https://slickdeals.net/click?au=ea3969325f38418f8a610f877678e4de&prop=diavail-true|dincp-4|dinpd-11|dipgavail-true&pv=5d8473ded6cc11efa84fca9ab4ca0da8&sdtid=18066673&tid=18066673&trd=Get+Deal+at+Target,403,9.47,Selenium,error,329
228,http://cartercpa.net,200,1.39,trafilatura,html,1755
229,https://www.loumalnatis.com/the-history-of-lous,200,2.94,trafilatura,html,11893
230,https://www.autodesk.com/support/technical/article/caas/sfdcarticles/sfdcarticles/System-requirements-for-Autodesk-Revit-2020-products.html,200,10.45,trafilatura,html,50000
231,https://help.justcall.io/en/collections/308523-sales-dialer,200,7.55,trafilatura,html,4163
232,http://finadorm.com,200,4.81,trafilatura,html,508
233,https://docs.monogame.net/articles/contributing,200,0.69,trafilatura,html,9143
234,https://ui.kws3.media/v4/?path=/docs/forms-timepicker--docs,200,1.67,trafilatura,docs,2258
235,http://infimer.com,200,4.41,trafilatura,html,544
236,https://www.fluidsecure.com/gallery/fedex-2/,200,1.91,trafilatura,html,795
237,https://www.fastbackgroundcheck.com/559-627-4044,403,9.15,Selenium,error,460
238,https://www.pflanzen-koelle.de/kirschlorbeer-caucasica-3er-set-hoehe-50-60-cm-topf-je-4-6-liter-0410950489/,200,15.69,Selenium,html,2997
239,https://softwarebude.at/blog/vorteile-linzer-unternehmen,200,0.95,trafilatura,article,3261
240,https://www.wjx.cn/xz/264619429.aspx,200,4.66,trafilatura,html,374
241,https://www.ingersollrand.com/en-us/air-compressor/oil-flooded-ac/r-series-90-160-kw-vsd-integrated-as,200,3.17,trafilatura,html,1737
242,https://globalalts.com/private-equity/report-2022-private-equity-insights/,200,2.62,trafilatura,html,1174
243,https://www.immobilienscout24.de/expose/150498632,200,10.07,Selenium,html,851
244,https://www.marketwatch.com/investing/stock/nsc?mod=taxwatch,200,1.74,trafilatura,html,4755
245,https://www.amazon.co.uk/MSI-MPG-Trident-11TC-2283UK-Gaming/dp/B09NRVVZ63,200,2.83,trafilatura,html,2468
246,https://docs.pantheon.io/multizone-failover,200,12.49,Selenium,html,6176
247,https://www.parks.swiss/fr/les-parcs-suisses/vue-densemble/parc-jura-vaudois,200,1.95,trafilatura,html,2273
248,https://www.balance.vc/company,200,2.35,trafilatura,html,422
249,https://www.ahrtal.de/ahrwein,200,3.85,trafilatura,html,3133
250,https://mysemg.com/provider/dr-anilkumar-pillai-md,200,1.86,trafilatura,html,50000
251,https://tzimages.com/collections/pacific-northwest/,200,10.93,Selenium,html,1622
252,https://happyhotel.jp/hotels/680136,200,1.9,trafilatura,html,1957
253,https://www.placerville-hardware.com,200,4.34,trafilatura,html,252
254,https://valleyot.com/az-duarte/,200,2.08,trafilatura,html,271
255,https://omr.com/de/reviews/contenthub/tag/web3,200,3.02,trafilatura,html,302
256,https://lusion.co/,200,1.57,trafilatura,html,382
257,http://bjhs.chicousd.org/School-Life/Activities/CJSF/Officer-Positions-and-Duties/Departments/Social-Science/index.html,404,12.2,Selenium,error,145
258,https://www.semanticscholar.org/search?q=Vertriebsleistung+Customer+Journey+Analyse+Kundenerlebnis-Management&sort=relevance,200,1.56,trafilatura,html,403
259,https://www.beckshardware.com,502,13.178484201431274,Selenium,error,0
260,http://aaronkirman.com/listings/11870-ellice-st-malibu-ca-90265,200,6.25,trafilatura,html,314
261,https://developer.android.com/studio/projects/version-control,200,5.98,trafilatura,html,819
262,https://www.levels.fyi/companies/affirm/salaries/software-engineer,200,1.57,trafilatura,spa,2257
263,https://heyharper.com/eu/fr/products/the-simple-choker,200,2.47,trafilatura,html,272
264,https://aubergeresorts.com/altagracia/press/,403,18.23,Selenium,error,481
265,https://tts-free.online,200,1.98,trafilatura,html,5047
266,https://www.youtube.com/watch?v=ToYyqJo2kWk&lc=Ugy2xbbwpCuDZTRXdy54AaABAg,200,2.42,trafilatura,html,50000
267,https://docs.merge.dev/integrations/ticketing/gorgias/sync-frequencies/,200,2.03,trafilatura,spa,805
268,https://cnn.com/climate,200,4.27,trafilatura,html,1892
269,http://www.zktecowfm.com,200,4.69,trafilatura,html,2377
270,https://synsel.nl/operators/vacature/machine-operator-3-ploegen-zaandam-25634,200,2.98,trafilatura,html,4200
271,https://www2.hm.com/en_ca/productpage.1232910005.html,403,9.800066471099854,Selenium,error,0
272,http://careers.siriusxm.com/careers,200,5.35,trafilatura,html,1120
273,https://jsjjb.xhby.net/pc/con/202312/13/content_1274418.html,200,3.08,trafilatura,html,2287
274,https://forum.cortezaproject.org/t/issue-with-export-with-csv/859/2,200,2.46,trafilatura,html,1123
275,https://www.bloomberg.com/news/articles/2024-12-05/saudi-arabia-s-real-estate-market-dubai-based-stake-offers-134-entry,200,2.55,trafilatura,article,779
276,https://union.msu.edu/about/buildinginfo,200,2.53,trafilatura,html,369
277,https://news.google.com/stories/read/CBMiwAFBVV95cUxPWkxjeXA5cDhFMEZyYzVLRVBWa2kwSkhTdmZCR3FYYm9OU0tVVE0tcVlFcW5HTG9YRWNJc0RpLXJZZVVmVlQ5NENzZkR5VExKRmZIMEpVZkgyeUM1MjI0NjU3aEZxMk9fWmQzT2lHT0JlMHRxSWxmOUZwc3ZOX1FsSmZLRzN3SHFYNi1RbmgyUFRrWDl5aFNuS3ZZTThzUzFRMXJua1BUUnVJNGdLSHlLcVhMSjV6TGc3S0t4QUlDdDA?hl=en-US&gl=US&ceid=US%3Aen,200,3.11,trafilatura,html,715
278,https://www.aprilaba.com/areas-we-serve/williamstown,200,2.31,trafilatura,html,2460
279,https://biospace.com/press-releases,200,3.85,trafilatura,html,1015
280,https://v17.angular.io/docs/guide/guide/api/common/provideImageKitLoader,200,1.08,raw_text,json,1183
281,https://www.related.com/press-releases/2025-04-09/hudson-yards-west-receives-critical-city-planning-approval-advances-city,200,3.37,trafilatura,html,8774
282,http://www.pbc.gov.cn/zhengcehuobisi/125207/125213/125440/index.html,200,6.27,trafilatura,html,869
283,https://pupjoy.com,200,1.96,trafilatura,html,719
284,https://tour-guide-liard.vercel.app/,404,9.58,Selenium,error,267
285,http://handmadebirkinbags.co,200,2.84,trafilatura,html,22357
286,https://www.bignonlebray.com/equipe/emmanuelle-bouton-avocate-paris/?team=cHJhY3RpY2U9MjczNzgmbWVudV9vcmRlcj04Ng--,404,11.15,Selenium,error,452
287,https://bigevent.io/ai-conferences-usa/,200,13.61,Selenium,html,1335
288,https://japan-ai.geniee.co.jp/media/tool/2232/,408,82.15775847434998,Selenium,error,0
289,https://www.douane.gouv.fr/sites/default/files/openData/files/2juillet16.xls,200,4.26,trafilatura,html,477
290,https://www.maisongreene.co/events/paint-sip-1,200,11.13,Selenium,html,2223
291,https://mopsov.twse.com.tw/mops/web/t05st02?step=1&off=1&firstin=1&TYPEK=otc&i=2&h20=\ufffdx\ufffdd\ufffd\u0367\ufffd&h21=6589&h22=20250516&h23=3008&h24=\ufffd\ufffd\ufffd\ufffd\ufffdq\ufffdV\ufffd\ufffd\ufffd\u0127J\ufffd\ufffd\ufffd\ufffd\ufffd\u00e5\u0365D\ufffd\u07be\ufffd\ufffd\ufffd\ufffd\ufffd\ufffd\ufffd\ufffdo\ufffd\ufffd\ufffd\ufffd\ufffd~\r\nEG1206A(pertuzumab\ufffd\u036a\ufffd\ufffd\u06e6\ufffd\ufffd\ufffd)\ufffd\u0124T\ufffd\ufffd\ufffd{\ufffd\u0278\ufffd\ufffd\ufffdp\ufffde\ufffd\ufffd&h25=1&pgname=t05st02,200,4.92,trafilatura,html,346
292,https://www.insuremytrip.com/news/2024-most-popular-international-destinations-by-state-press-release/,200,1.96,trafilatura,article,1698
293,https://maltaceos.mt/aaron-bugeja-promoted-to-associate-director-of-client-accounting-at-vistra,200,11.57,Selenium,html,1856
294,https://calisthenicstokyo.com/lessons/beginner-level5-dweek,200,2.84,trafilatura,html,50000
295,http://hq.news.cn/20231028/977619280d86488f97759eb63f82be5d/c.html,200,2.37,trafilatura,html,765
296,https://seiserre.com.ar,200,4.69,trafilatura,html,395
297,https://blog.oceanprotocol.com/followers?source=post_page---post_publication_info--38dca0af820c--------------------------------,200,3.66,trafilatura,html,694
298,https://www.w3schools.com/sql/sql_in.asp,200,1.73,trafilatura,html,2410
299,http://edu.china.com.cn/2023-05/24/content_85547205.shtml,200,2.24,trafilatura,html,2381
300,http://bg.kompass.com,200,12.51,Selenium,html,501
301,https://www.thelallantop.com/visualstories,200,2.5,trafilatura,html,1297
302,https://emol.com/noticias/Economia/2025/05/07/1165710/corfo-explica-desistimientos-chinos-litio.html,200,5.29,trafilatura,html,5159
303,https://docs.support3.xyz/security-and-privacy/overview,200,1.79,trafilatura,html,3865
304,https://www.artisanportrait.com/wp-content/themes/enfold/framework/images/colorpicker/?SA,200,2.12,trafilatura,html,1241
305,https://www.zetachain.com/learn/how-to-swap/Coinbase/BSC-DAI-to-BSC-ZETA,404,11.0,Selenium,error,203
306,https://restaurants.applebees.com/en-us/la/alexandria/1500-macarthur-drive-91050,200,2.62,trafilatura,html,4390
307,https://unapizzeria.com/events,200,2.12,trafilatura,html,385
308,https://www.51jrq.com/,502,70.41196846961975,Selenium,error,0
309,https://www.seattletimes.com/nation-world/nation-politics/seeking-a-mar-a-lago-vibe-trump-considers-paving-over-grass-in-rose-garden/,200,10.81,Selenium,html,611
310,http://nl.mothersearth.com/products/wasstrips-cadeaus,200,5.33,trafilatura,html,7868
311,https://www.takko.com/de-de/jungen-basecap---applikation/22502600001-108.html,200,2.19,trafilatura,html,308
312,https://realpython.com/,200,2.41,trafilatura,html,602
313,https://www.midogtest.com/bacteria-fungi,200,13.58,Selenium,html,2857
314,https://acme.com/jef/photos/02jun2002_steam_trains/zoom.cgi?base=mvc-3228.jpg&coords=,502,71.95777559280396,Selenium,error,0
315,https://www.eventbrite.com/e/pmp-program-in-person-training-in-oxnard-ca-tickets-1354477742389?aff=ebdssbdestsearch,200,2.84,trafilatura,html,1576
316,https://www.retellai.com/integrations/salesforce,200,3.13,trafilatura,html,1234
317,https://www.smartcompany.com.au/startupsmart/,200,2.01,trafilatura,html,936
318,http://alliance-platform-accept.smartmed.cloud,200,3.03,trafilatura,html,113
319,https://bremertonwa.gov/bids.aspx,200,4.56,trafilatura,html,634
320,https://www.hsbc.com/careers/life-at-hsbc/meet-our-people/james-law,200,9.44,Selenium,html,2327
321,https://www.kraken.com/it/learn/what-is-shiden-sdn,200,10.96,Selenium,html,4594
322,https://hbkswealth.com/cookie-policy/,200,2.63,trafilatura,html,4093
323,https://www.pcgamer.com/hardware/gaming-laptops/asus-rog-flow-z13-2025-review/,200,1.62,trafilatura,html,19637
324,https://www.securityweek.com/ascension-discloses-data-breach-potentially-linked-to-cleo-hack/,200,13.11,Selenium,html,2323
325,https://www.eanesisd.net/bond/news/post/~board/bond-2019/post/potential-2023-bond-categories,200,2.16,trafilatura,article,377
326,https://Brightarchitecturalsolutions.co.uk,200,1.56,trafilatura,html,1027
327,https://parthianwv.com,200,1.68,trafilatura,html,103
328,https://arlingtonbakery.square.site/product/biscotello-chocolate/32,200,1.46,trafilatura,html,50000
329,https://rhineruhr2025.com/de/about/commitments/sustainability,200,6.04,trafilatura,html,5957
330,https://academy.moralis.io/blog/what-is-velas-blockchain-and-the-vlx-token,200,4.2,trafilatura,article,385
331,https://www.redwoodlogistics.com/insights/what-does-2024-hold-for-food-and-beverage-shippers,200,1.01,trafilatura,html,5137
332,http://investor-relations.snpgroup.com/siteassets/4-governance/en/2024/snp-se_modern_slavery_act_statement_2024_signed.pdf,200,8.88,trafilatura,pdf,4249
333,https://overland.cherrycreekschools.org/athletics/blazer-gear,200,4.49,trafilatura,html,416
334,https://www.linkedin.com/pulse/count-vectorizers-vs-tfidf-natural-language-processing-sheel-saket,200,2.44,trafilatura,html,5645
335,https://www.investors.com/research/magnificent-seven-stocks-february-2025/,404,26.61,Selenium,error,275
336,https://apps.calbar.ca.gov/attorney/Licensee/Detail/335854,200,6.85,trafilatura,html,1502
337,https://burkroyalty.com/recent-activity/,403,9.26,Selenium,error,460
338,http://layerxsecurity.com/blog,200,2.7,trafilatura,html,345
339,https://landotsanitairesocial.wpcomstaging.com/2020/08/19/10-fiches-actions-pour-ameliorer-laccueil-lintegration-et-laccompagnement-personnalise-des-nouveaux-arrivants/,200,0.88,trafilatura,html,864
340,https://www.isce.org/gallery/ViewAlbum.aspx?album=2520281&p=4,200,1.94,trafilatura,html,229
341,https://acpr.banque-france.fr/fr/recherche?page=65,500,14.39,Selenium,error,497
342,https://en.wikipedia.org/wiki/Emergency_vehicle_lighting,200,11.33,Selenium,html,50000
343,https://www.ted.com/talks/https:/www.ted.com/talks/1378?utm_source=homepage_featured&utm_content=4&utm_term=video-title,404,11.34,Selenium,error,438
344,https://www.migros.com.tr/arama?q=Biskrem Kakaolu,200,1.2,trafilatura,html,306
345,https://apnews.com/article/winter-weather-freezing-temperatures-cold-memphis-water-948b57293a383883a99f5a0d6239cef7,200,2.78,trafilatura,html,6267
346,https://cedrus.com.pl/plug-do-sniegu-do-traktorkow-simplicity,200,5.32,trafilatura,html,491
347,https://www.dw.com/en/paris-airport-evacuated-after-two-men-with-fake-guns-spark-panic/a-46867852,200,1.54,trafilatura,html,1567
348,https://www.secretberryspa.com/our-services/facial,200,2.12,trafilatura,html,1136
349,https://proforto.nl/werkschoenen/veiligheidsschoenen/werkschoenen-sneakers/rucanor-work_gerba_shoes-for-crews_herock_unisex_groen_hoog-model,200,12.11,Selenium,html,18262
350,https://www.accessibilitychecker.org/guides/wcag/,200,1.71,trafilatura,html,18035
351,https://www.javadoc.io/doc/org.typelevel/alleycats_2.10,200,1.35,trafilatura,html,310
352,https://www.elder.org/our-locations/south-east/hampshire/emsworth,200,2.32,trafilatura,spa,4693
353,https://ded.mo.gov/press-room/arlee-home-fashions-expands-west-plains-opening-second-manufacturing-facility-and-adding,200,2.13,trafilatura,html,3392
354,http:///index.php/about-us/news-press-releases,500,11.075949907302856,Selenium,error,0
355,http://laval.ca/calendrier-activites/club-lecture-oeuvrelue-yves-theriault-biblio-arts-2,404,22.129987478256226,Selenium,error,0
356,https://www.lequipe.fr/Cyclisme-sur-route/Actualites/Lucho-herrera-nie-devant-la-justice-colombienne-son-implication-dans-des-meurtres/1567979,200,1.99,trafilatura,html,1846
357,https://www.channel3000.com/video/cottage-grove-library-referendum-fails/video_73b9f285-d4fe-57ae-b5b7-4606ec7b6662.html,200,3.05,trafilatura,html,362
358,https://www.fullmoto.com/suiche-para-exploradoras-mastech,404,20.84,Selenium,error,408
359,https://rohanbuilders.com/bangalore-homes/mihira/,200,3.94,trafilatura,html,2192
360,http://habbio.co.uk/?faq_category=popular-questions,200,3.34,trafilatura,html,2912
361,https://cn.ukec.com/articles/info?aid=6251,200,7.48,trafilatura,html,371
362,https://planetlovelife.com/how-you-can-reduce-the-amount-of-plastic-thats-killing-marine-animals/,200,10.65,Selenium,html,7064
363,https://www.theshantyrestaurant.com/,200,1.28,trafilatura,html,932
364,https://www.docteurcanalisation.com/,200,7.03,trafilatura,html,10183
365,https://www.myurbanvalet.com/the-risks-of-using-home-washing-machines-for-heavy-winter-fabrics/,200,2.75,trafilatura,html,9229
366,http://bloemenpuurathome.nl/post/custom-events,200,1.91,trafilatura,html,520
367,https://kiali.io/docs/features/,200,1.96,trafilatura,docs,695
368,https://d3ag4hukkh62yn.cloudfront.net/Apple-MUWA3AM-A-Pencil-USB-C/dp/B0CL7J12YK?_encoding=UTF8&content-id=amzn1.sym.f2128ffe-3407-4a64-95b5-696504f68ca1&pd_rd_r=08833a04-53e0-42e5-980a-dba72a34d0e6&pd_rd_w=V11w9&pd_rd_wg=ZY6Fg&pf_rd_p=f2128ffe-3407-4a64-95b5-696504f68ca1&pf_rd_r=56CKN7FJQB6J3Z9F9ASP&ref_=pd_hp_d_btf_crs_zg_bs_541966,200,10.4,Selenium,html,519
369,http://katyaniexport.com,200,2.17,trafilatura,html,1421
370,https://www.sii.cl/valores_y_fechas/uf/uf2025.htm,200,3.48,trafilatura,html,8887
371,https://dash.plotly.com/dash-ag-grid/column-definitions,200,3.94,trafilatura,html,14259
372,https://www.quora.com/What-is-the-placement-record-of-Manipal-University-for-students-studying-computer-science-or-information-systems-How-does-it-compare-to-other-colleges,200,10.43,Selenium,html,20139
373,https://www.10doigts.fr/galerie/clown-carnaval-gcr2378.aspx,200,2.0,trafilatura,html,451
374,https://www.voxelmatters.com/silva-builders-is-3d-printing-buildings-from-a-bio-based-composite/,200,10.93,Selenium,html,1622
375,http://centricbrands.com,200,2.79,trafilatura,html,298
376,https://www.hardeeso.com/join_our_team/deputy_sheriff.php,403,10.414277791976929,Selenium,error,0
377,https://www.zhipin.com/job_detail/8929845f7fea5ec01HV_2964FlNY.html,200,2.93,trafilatura,html,6958
378,https://bluvium.com/case-study/,200,2.85,trafilatura,html,3899
379,https://explodingtopics.com/blog/ai-statistics,200,2.01,trafilatura,article,19266
380,https://www.niche.com/k12/scotch-plains-fanwood-high-school-scotch-plains-nj/rankings/,200,11.38,Selenium,html,513
381,https://www.utc.edu/enrollment-management-and-student-affairs/university-center/temporary-office-locations,200,1.86,trafilatura,spa,1733
382,https://open.lefebvre-dalloz.fr/droit-affaires/fonds-commerce/tribunal-commerce_dz-oasis-001006,200,2.45,trafilatura,html,5915
383,https://unternehmensboerse.me/listing-category-2/baugewerbe/,200,11.92922592163086,Selenium,error,0
384,http://boglagold.com,200,13.193731307983398,Selenium,error,0
385,https://www.policygenius.com/auto-insurance/best-car-insurance-in-loganville-ga/,200,2.91,trafilatura,html,8494
386,https://tcimro.com/components/com_eventgallery/helpers/image.php?&mode=full&folder=HurricaneMaria&file=IMG_4458.JPG,200,10.96,Selenium,html,1622
387,https://www.a1toyota.com/inventory/new-2025-toyota-rav4-hybrid-xle-premium-all-wheel-drive-xle-prem-awd-suv-jtmb6rfv6sd163505/,403,11.0,Selenium,error,233
388,https://llbean.com/buy/mens-brown-shoes,200,3.27,trafilatura,html,4822
389,https://cowboystatedaily.com/2024/10/28/the-hunt-for-red-october-leads-to-wyoming-and-the-powell-man-who-bought-it/,200,2.17,trafilatura,html,5632
390,https://www.lastbookstorela.com/event-details/halloween-sleepovers-1,200,1.69,trafilatura,html,490
391,https://www.indeed.com/cmp/Brigit/salaries,403,13.36,Selenium,error,314
392,https://www.wingie.com/flights/to-miami/,200,11.15,Selenium,html,2780
393,https://getallmylinks.com/lucylarax,200,14.47,Selenium,html,26342
394,https://github.com/replicate/cog-examples/blob/a4db315be6862210d6d8d2d0719c94bd6d39e6c6/hello-world,200,3.48,trafilatura,html,269
395,https://www.arabianbusiness.com/industries/industries-culture-society/401874-sondos-al-qattan-has-free-right-to-her-opinion-says-kanoo-group-chairman,200,15.62,Selenium,html,2384
396,http://www.miyuki-clinic.net/,200,3.06,trafilatura,html,312
397,https://www.gsmarena.com/iphone_16_pro_max_vs_galaxy_s24_ultra_battery_camera_price_compared-news-64947.php,200,2.47,trafilatura,html,13653
398,https://www.rbi.org.in/commonman/English/scripts/MANI.aspx,200,10.92,Selenium,html,6793
399,https://chameleoncollective.com/angicel-morales/,200,26.36,Selenium,html,1377
400,https://japan.zdnet.com/article/35228397/,200,2.01,trafilatura,html,2766
401,https://www.cbinsights.com/company/ssgc-technologies,200,1.07,trafilatura,html,907
402,http://blueheroncap.com?sixvxskxyc=ocrboxzvjh4wjs8ugcgj,200,14.7,Selenium,html,2321
403,https://www.americanexpress.com/en-jm/network/legal/privacy-statement.html,200,10.92,Selenium,html,5711
404,https://rateyourmusic.com/release/single/a-ha/lifelines-3/,403,12.18,Selenium,error,332
405,https://www.beano.com/quiz/music/which-k-pop-group-are-you,200,1.64,trafilatura,html,2288
406,https://juajeans.com/product/white-distressed-shorts-ripped-denim-jeans-shorts-raw-cut-hem-for-men,200,6.71,trafilatura,html,1133
407,https://www.kidstuffcatalog.com/catalog/page-80/,200,12.16,Selenium,html,20478
408,https://www.capovillashop.it/products/tessuto-arredo-jacquard-h-140-cm-foglie-giallo-beige,404,13.37,Selenium,error,473
409,https://theadvocate.com/,200,4.44,trafilatura,html,456
410,https://www.xt.com/etfIndex/defiindex_usdt,200,1.15,trafilatura,html,509
411,https://www.goal.com/de/spieler/s-arribas/cu52a54iqv8lec3e4104vh84q,200,1.8,trafilatura,html,4943
412,https://mesateliersdiy.fr/les-ateliers/home-deco/,200,2.11,trafilatura,html,1673
413,http://hamiltonlane.com,200,2.9,trafilatura,html,1505
414,http://metadocs.eu,200,6.61,trafilatura,html,824
415,http://library.qiangtu.com/download/793/pdf/793.pdf,408,21.42760396003723,Selenium,error,0
416,https://cyberowl.io/dont-spend-another-dollar-on-cybersecurity-until-you-benchmark/,200,4.43,trafilatura,html,3016
417,https://lei.mx/tag/veterinaria,200,3.31,trafilatura,html,358
418,https://www.lsu.edu/urec/contact/who/brad.php,200,2.4,trafilatura,html,1026
419,http://investors.pyxus.com/investors/news/,403,13.49,Selenium,article,280
420,https://www.consum.es/directory/listing/villena/claim,200,2.03,trafilatura,html,1474
421,https://www.carandclassic.com/auctions/1969-triumph-herald-1200-nMXamg,200,1.07,trafilatura,html,4814
422,https://www.cyon.ch/blog/Lets-Encrypt-ist-da-Kostenlose-SSL-Zertifikate-fuer-alle,200,3.88,trafilatura,article,1697
423,http://carlsmed.com,200,15.21,Selenium,html,1649
424,https://iapp.org/resources/article/dpia-template-d-pia-lab/,404,11.46,Selenium,error,351
425,https://pmc.ncbi.nlm.nih.gov/articles/PMC10124679/,200,1.01,trafilatura,html,50000
426,https://abcnews.go.com/GMA/Culture/video/lead-actor-revealed-upcoming-christopher-nolan-film-odyssey-118916676,200,8.67,trafilatura,html,4827
427,https://karmagroup.com/news-events/bali-booklist,200,7.99,trafilatura,html,2823
428,https://www.novartis.com/news,200,1.99,trafilatura,html,15811
429,https://stonemarkcapital.com/get-in-touch,200,2.8,trafilatura,html,1237
430,https://supabase.com/docs/guides/auth/social-login/auth-google,200,10.99,trafilatura,docs,14155
431,https://playwell-bricks.com/blogs/news/the-playwell-journey-part-five,200,9.77,trafilatura,article,3426
432,https://www.madeinthemountainsphoto.com/,200,2.82,trafilatura,html,3911
433,https://coindesk.com/,502,12.13,Selenium,error,343
434,https://www.argusdelassurance.com/actualite/actualite.125038,200,13.2,Selenium,html,1896
435,https://www.dartmouth.edu/finance/purchasing/working_with_suppliers/vendor_guide/,200,2.55,trafilatura,html,2212
436,https://help.gohighlevel.com/support/solutions/folders/155000000688,200,1.13,trafilatura,html,568
437,https://www.echooralsurgery.com/procedures/impacted-canines/,200,13.05,Selenium,html,11463
438,https://www.sersc.org/journals/IJSEA/vol14_no2/38.pdf,502,21.08656620979309,Selenium,error,0
439,https://wiki.ai03.com/books/case-and-plate-design/page/brutally-honest-truths-of-designing-cases/revisions,200,1.68,trafilatura,html,1493
440,https://www.smithsonianmag.com/history/the-indigenous-americans-who-visited-europe-180981496/,200,36.88,Selenium,html,15189
441,https://www.totaltools.com.au/158100-makita-18vx2-brushless-upright-vacuum-skin-dvc560z,200,8.07,trafilatura,html,6189
442,https://www.antal.com/job/ophthalmology-consultant---vitreoretinal-surgery,200,2.95,trafilatura,html,1863
443,https://wageningen.ribscompany.nl/6701/afhalen/spareribs,200,0.83,trafilatura,html,215
444,https://respond.io/ar/tag/messagebird,200,1.32,trafilatura,html,1045
445,https://steckelberg.eu/seminare/,200,8.89,trafilatura,html,1665
446,https://electriccoin.co/events/list/?tribe-bar-date=2025-04-03,200,13.88,Selenium,html,704
447,https://www.orthazone.com/caries-indicator-syr-refill-green-4pk,200,5.38,trafilatura,html,366
448,https://firstpage.com.au/learning-centre/social-media/how-to-pass-the-vibe-check-7-tips-for-marketing-to-gen-zs/,200,2.46,trafilatura,html,8333
449,https://www.loopnet.com/Listing/33-Bloomfield-Hills-Pky-Bloomfield-Hills-MI/35466902/,403,9.880698680877686,Selenium,error,0
450,https://www.paloaltonetworks.com/resources/techbriefs/palo-alto-networks-and-trustwave,200,1.9,trafilatura,html,627
451,https://ir.nextcure.com/news-releases?aac2c52233ec9ed03e44a98dd9028c83ac2c52a24dacec95b3c1757c0d59015b_year%5Bvalue%5D=_none&op=Filter&aac2c52233ec9ed03e44a98dd9028c83ac2c52a24dacec95b3c1757c0d59015b_widget_id=aac2c52233ec9ed03e44a98dd9028c83ac2c52a24dacec95b3c1757c0d59015b&form_build_id=form-foiW0ArRLYGbquVN8GliXVaI2QrjLKkh_AqNdTqL37w&form_id=widget_form_base&page=0,200,25.78,Selenium,html,2475
452,https://www.dashdoc.eu/api/v4/docs/#tag/Transports/operation/readTransport,200,1.79,raw_text,json,111
453,https://www.wdwinfo.com/disney-merchandise/monday-merch-meeting-mary-blair-hocus-pocus-pandora-halloween-more/,200,12.12,Selenium,html,7706
454,https://www.idealo.de/preisvergleich/OffersOfProduct/201893890_-led-capsule-g9-4-8w-570lm-2700k-ww-9290020551-philips.html,200,11.77,Selenium,html,2883
455,http://vetaeducation.com/events/webinar-aus-ag13,404,12.968788146972656,Selenium,error,0
456,https://conferencecalltranscripts.org/?co=NVDA.US,200,1.92,trafilatura,html,603
457,https://praktio.com/about-us,200,2.13,trafilatura,html,3956
458,https://lms.leanderisd.org/campus_information/fine-arts,200,3.41,trafilatura,html,2176
459,https://www.cinn.cn/zgjxzz/202209/W020220922585709855705.pdf,404,14.89,raw_text,pdf,903
460,http://www.vividseats.com/shop/viewTickets.shtml?productionId=5107946,200,11.39,trafilatura,html,19382
461,https://morningside.ai/?tab=card1&subtab=complexdatapipelines,200,2.89,trafilatura,html,2760
462,https://asana.com/resources/group-decision-making,200,4.0,trafilatura,html,8128
463,https://www.nisum.com/nisum-knows,200,2.27,trafilatura,html,949
464,https://www.kap.org.tr/en/fon-bilgileri/ozet/4028328c80e9178f0181057cbe8615ec,200,3.26,trafilatura,html,250
465,http://peinture-algo.fr/products/algo-testeur-couleur-rose-brehat-finition-satin-50ml,200,5.88,trafilatura,html,4982
466,https://www.dailymirror.lk/print/business-news/Hayleys-to-dispose-Singer-stake-credit-outlook-revised-to-Negative/273-196738,200,14.83,Selenium,html,2637
467,https://onic-esports.com,502,16.758831024169922,Selenium,error,0
468,https://docs.cdp.coinbase.com/intx/reference/getportfoliosfeerates/,403,9.98,Selenium,docs,105
469,https://dove.feathersjs.com/cookbook/authentication/revoke-jwt,200,3.03,trafilatura,html,3232
470,https://www.fool.com/money/offers/credit-cards/american-express-platinum/?from=108&luri=%2Fcredit-cards%2Fbest-credit-card-sign-up-bonuses%2F&furi=%2Fcredit-cards%2Fbest-credit-card-sign-up-bonuses%2F&fuuid=c8d63426-a826-40c3-be2b-1758934bd15c&luuid=c8d63426-a826-40c3-be2b-1758934bd15c&ltyp=btn&lclksec=offer_tile&ord=1&ltxt=Apply+Now+button+for+The+Platinum+Card%C2%AE+from+American+Express.,403,18.82,Selenium,error,102
471,https://www.checkout.com/payment-methods/alipay,200,1.65,trafilatura,html,776
472,https://www.flooranddecor.com/moldings-wood/mountain-valley-94in.-laminate-overlapping-stair-nose-101141331.html,200,3.19,trafilatura,html,497
473,https://springfieldbottomline.com/2025/04/springfield-utility-board-recognized-nationally-for-safety-and-electric-reliability,200,5.54,trafilatura,html,3116
474,http://neurolief.com/about-us/,200,10.03,Selenium,html,1622
475,https://www.huduser.gov/portal/datasets/il.html,200,9.02,trafilatura,html,350
476,https://blog.avocats.deloitte.fr/point-detape-laction-7-plan-beps-de-locde-amenagements-prevus-statut-detablissement-stable-a-stade,200,1.21,trafilatura,html,12596
477,https://m.gelonghui.com/p/1319051,200,5.42,trafilatura,html,6556
478,https://www.bitdefender.com/en-us/toolbox/,404,12.97,Selenium,error,151
479,https://tdan.com/data-cleansing-tools-for-big-data-challenges-and-solutions/31659,403,16.27,Selenium,error,140
480,https://www.peticoesonline.com.br/legislacao/lei-de-biosseguranca,200,17.43,Selenium,html,39189
481,https://www.supernal.aero/newsroom/supernal-chc-helicopter-and-heli-one-collaborate-to-develop-advanced-air-mobility-networks/,200,2.05,trafilatura,html,5759
482,https://www.zoro.com/klein-tools-screwdriver-slotted-12-12-in-square-600-12/i/G1578306/,403,12.98,Selenium,error,495
483,https://www.digikey.com/en/products/detail/edac-inc/833-026-559-108/11191619,403,9.73,Selenium,error,330
484,https://www.rh-solutions.com/actualites/les-10-questions-indispensables-a-poser-a-ses-clients-pour-booster-son-activite/,200,2.22,trafilatura,html,8855
485,https://www.ebgames.com.au/search/query?category=toys-hobbies&subcategory=toys-hobbies-trading-cards&sort=releasedate&order=desc&attributes=franchise%3Apokemon&attributes=trading-card-type%3Abooster-boxes&attributes=trading-card-type%3Aboosters&attributes=trading-card-type%3Acollections,403,10.18,Selenium,error,333
486,https://es.ogs.ny.gov/veterans,200,1.93,trafilatura,html,1107
487,https://ameblo.jp/ura2017/theme-10108885509.html,200,2.69,trafilatura,html,369
488,https://arxiv.org/html/2410.01639v4,200,2.14,trafilatura,html,50000
489,http://pentalog.com,200,6.46,trafilatura,html,531
490,https://www.toho.co.jp/anime,200,2.59,trafilatura,html,1382
491,http://abbott.mediaroom.com,200,3.65,trafilatura,html,448
492,https://www.firstsession.com/resources/relationship-therapy-techniques,200,5.18,trafilatura,html,8749
493,https://www.taskade.com/invites/AYw2pLSJMruPYNdX?edit=v3N1RiovyVky5Qpb&share=edit,200,2.3,trafilatura,html,2279
494,https://developer.ticktick.com/api/v2/list,403,10.195406198501587,Selenium,error,0
495,https://www.musimmas.com/sustainability/positive-environmental-impacts/fire-prevention-and-management/,200,3.55,trafilatura,html,1532
496,https://www.nappaawards.com/product/moms-dont-have-time-to-a-quarantine-anthology/,200,1.87,trafilatura,html,2204
497,https://www.soundpure.com/p/manley-core/9638,200,1.73,trafilatura,html,1318
498,https://distinctivedoordesigns.com/wood-species/maplepaintgrade/,200,4.21,trafilatura,html,509
499,https://www.littelfuse.com/products/overvoltage-protection/tvs-diodes/surface-mount/smcj/smcj11,200,13.34,Selenium,html,556
500,https://automaticcss.com/docs/spacing-variables/,200,3.0,trafilatura,docs,8421
